source,attribute,s_artist,target,t_artist,value,s_tags,t_tags
TRAAAAK128F9318786,song,Adelitas Way,TRZNRZF128F9318787,Adelitas Way,1.0,"[['alternative rock', '100'], ['rock', '60'], ['hard rock', '60'], ['heavy metal', '20'], ['00s', '20'], ['5', '20'], ['check this out', '20'], ['cryb test 4', '20'], ['adelitas way scream', '0']]","[['alternative rock', '100'], ['rock', '40'], ['adelitas way', '40'], ['sex', '20'], ['sex songs', '20'], ['aggressive rock', '20'], ['dirty little thing', '20'], ['heaths favs', '20']]"
TRAAAAK128F9318786,song,Adelitas Way,TRRJFIC128F931879D,Adelitas Way,0.966398,"[['alternative rock', '100'], ['rock', '60'], ['hard rock', '60'], ['heavy metal', '20'], ['00s', '20'], ['5', '20'], ['check this out', '20'], ['cryb test 4', '20'], ['adelitas way scream', '0']]","[['adelitas way', '100'], ['alternative rock', '54'], ['post-grunge', '27'], ['Discoverockult', '18'], ['Driving Songs', '18'], ['epic xD', '9'], ['5', '9'], ['bob', '9'], ['great song', '9'], ['00s', '9'], ['add', '9'], ['Tag', '9'], ['modern rock', '9'], ['hard rock', '9'], ['Love', '9'], ['rock', '9'], ['nice', '9'], ['lj', '0']]"
TRAAAAK128F9318786,song,Adelitas Way,Adelitas Way,,1.0,"[['alternative rock', '100'], ['rock', '60'], ['hard rock', '60'], ['heavy metal', '20'], ['00s', '20'], ['5', '20'], ['check this out', '20'], ['cryb test 4', '20'], ['adelitas way scream', '0']]",
Adelitas Way,artist,,TRAAAAK128F9318786,Adelitas Way,1.0,,"[['alternative rock', '100'], ['rock', '60'], ['hard rock', '60'], ['heavy metal', '20'], ['00s', '20'], ['5', '20'], ['check this out', '20'], ['cryb test 4', '20'], ['adelitas way scream', '0']]"
TRZNRZF128F9318787,song,Adelitas Way,Adelitas Way,,1.0,"[['alternative rock', '100'], ['rock', '40'], ['adelitas way', '40'], ['sex', '20'], ['sex songs', '20'], ['aggressive rock', '20'], ['dirty little thing', '20'], ['heaths favs', '20']]",
Adelitas Way,artist,,TRZNRZF128F9318787,Adelitas Way,1.0,,"[['alternative rock', '100'], ['rock', '40'], ['adelitas way', '40'], ['sex', '20'], ['sex songs', '20'], ['aggressive rock', '20'], ['dirty little thing', '20'], ['heaths favs', '20']]"
TRRJFIC128F931879D,song,Adelitas Way,Adelitas Way,,1.0,"[['adelitas way', '100'], ['alternative rock', '54'], ['post-grunge', '27'], ['Discoverockult', '18'], ['Driving Songs', '18'], ['epic xD', '9'], ['5', '9'], ['bob', '9'], ['great song', '9'], ['00s', '9'], ['add', '9'], ['Tag', '9'], ['modern rock', '9'], ['hard rock', '9'], ['Love', '9'], ['rock', '9'], ['nice', '9'], ['lj', '0']]",
Adelitas Way,artist,,TRRJFIC128F931879D,Adelitas Way,1.0,,"[['adelitas way', '100'], ['alternative rock', '54'], ['post-grunge', '27'], ['Discoverockult', '18'], ['Driving Songs', '18'], ['epic xD', '9'], ['5', '9'], ['bob', '9'], ['great song', '9'], ['00s', '9'], ['add', '9'], ['Tag', '9'], ['modern rock', '9'], ['hard rock', '9'], ['Love', '9'], ['rock', '9'], ['nice', '9'], ['lj', '0']]"
TRAAAAK128F9318786,song,Adelitas Way,TRQYGQT128F9318777,Sick Puppies,0.157267,"[['alternative rock', '100'], ['rock', '60'], ['hard rock', '60'], ['heavy metal', '20'], ['00s', '20'], ['5', '20'], ['check this out', '20'], ['cryb test 4', '20'], ['adelitas way scream', '0']]","[['rock', '100'], ['alternative rock', '87'], ['alternative', '50'], ['nice', '25'], ['00s', '25'], ['positive', '12'], ['favs', '12'], ['5', '12'], ['Discoverockult', '12'], ['driller', '12'], ['The Madeleine Haze', '12']]"
TRAAAAK128F9318786,song,Adelitas Way,TROLOPS128F426E353,Saving Abel,0.11712,"[['alternative rock', '100'], ['rock', '60'], ['hard rock', '60'], ['heavy metal', '20'], ['00s', '20'], ['5', '20'], ['check this out', '20'], ['cryb test 4', '20'], ['adelitas way scream', '0']]","[['rock', '100'], ['hard rock', '85'], ['alternative', '85'], ['alternative rock', '85'], ['Post Grunge', '42'], ['Saving Abel', '28'], ['modern rock', '14'], ['Godlike', '14'], ['interesting', '14'], ['genial', '14'], ['Not Half Bad', '14'], ['newrocktrackradio:-9', '14'], ['Tag', '0'], ['lift', '0']]"
TRAAAAK128F9318786,song,Adelitas Way,TRQNBAM128F9336E65,Jet Black Stare,0.107759,"[['alternative rock', '100'], ['rock', '60'], ['hard rock', '60'], ['heavy metal', '20'], ['00s', '20'], ['5', '20'], ['check this out', '20'], ['cryb test 4', '20'], ['adelitas way scream', '0']]","[['rock', '100'], ['hard rock', '100'], ['alternative rock', '50'], ['good shit', '50'], ['bookmarked', '50'], ['Discoverockult', '50']]"
TRAAAAK128F9318786,song,Adelitas Way,TRILDOA128F426E75F,Saving Abel,0.106884,"[['alternative rock', '100'], ['rock', '60'], ['hard rock', '60'], ['heavy metal', '20'], ['00s', '20'], ['5', '20'], ['check this out', '20'], ['cryb test 4', '20'], ['adelitas way scream', '0']]","[['alternative rock', '100'], ['rock', '90'], ['hard rock', '54'], ['Saving Abel', '45'], ['alternative', '27'], ['Grunge', '18'], ['post-grunge', '18'], ['USA', '18'], ['good beat', '18'], ['SAVING abel RUNNING', '9'], ['zuvin', '9'], ['vocal rock', '9'], ['2008', '9'], ['me likey', '9'], ['favs', '9'], ['american', '9'], ['good', '9'], ['Tag', '0']]"
TRAAAAK128F9318786,song,Adelitas Way,TRVFCII128F92F6E7E,Revis,0.0915493,"[['alternative rock', '100'], ['rock', '60'], ['hard rock', '60'], ['heavy metal', '20'], ['00s', '20'], ['5', '20'], ['check this out', '20'], ['cryb test 4', '20'], ['adelitas way scream', '0']]","[['rock', '100'], ['alternative rock', '48'], ['alternative', '32'], ['hard rock', '28'], ['Love', '24'], ['Grunge', '16'], ['post-grunge', '16'], ['REVIS', '12'], ['Favorite', '12'], ['male vocalist', '8'], ['You and Me', '8'], ['Discoverockult', '8'], ['epic', '8'], ['friends', '8'], ['Energetic', '8'], ['Illinois', '8'], ['awesome voice', '8'], ['rain', '8'], ['Soundtrack', '8'], ['daredevil', '8'], ['Need to own', '8'], ['indie', '8'], ['In My CAR', '4'], ['12th grade', '4'], ['fighting back', '4'], ['bands to check out', '4'], ['serious rock', '4'], ['Classic Songs', '4'], ['Personal Playlist', '4'], ['ROCK alternative metal', '4'], ['souvenirs', '4'], ['qko', '4'], ['cds', '4'], ['Stay With Me', '4'], ['the best eclectic tag ever - period - jan-06 top-30s', '4'], ['Not A band song I do like', '4'], ['gh2choice', '4'], ['seen live and it really did rain as soon as they started the song', '4'], ['-5', '4'], ['revis -black lab', '4'], ['beatfull', '4'], ['daredevil ost', '4'], ['thablackphoenix', '4'], ['weird but i love it', '4'], ['Missing Him', '4'], ['favorite song 2007', '4'], ['LordLex92s', '4'], ['skini', '4'], ['irada', '4'], ['rokimpaa', '4'], ['spacerowka', '4'], ['poepruig enzo', '4'], ['damn great song', '4'], ['can listen to over and over', '4'], ['shout out', '4'], ['anytime', '4'], ['Fall Out Boy', '4'], ['Coldplay', '4'], ['horror', '4'], ['sweet', '4'], ['female vocalists', '4'], ['Favourite Songs', '4'], ['american', '4'], ['punk rock', '4'], ['fun', '4'], ['indie rock', '4'], ['Hip-Hop', '4'], ['piano', '4'], ['pop', '4'], ['sexy', '4'], ['favourite', '4'], ['chillout', '4'], ['heavy', '4'], ['Mellow', '4'], ['CD', '4'], ['rainy days', '4'], ['rock ballad', '4'], ['Beautiful quiet', '4'], ['nickelback', '4'], ['Loved Songs', '4'], ['sing a long', '4'], ['Latin Dance', '4'], ['superhero', '4'], ['songs', '4'], ['<3', '4'], ['maroon 5', '4'], ['High School', '4'], ['energy', '4'], ['happiness', '4'], ['2003', '4'], ['heard on Pandora', '0'], ['seen live', '0'], ['Workout', '0'], ['hyrkliot', '0'], ['mvp baseball 2003', '0'], ['aevis', '0'], ['new good', '0']]"
TRAAAAK128F9318786,song,Adelitas Way,TRUWAVU128F9336E64,Jet Black Stare,0.0892342,"[['alternative rock', '100'], ['rock', '60'], ['hard rock', '60'], ['heavy metal', '20'], ['00s', '20'], ['5', '20'], ['check this out', '20'], ['cryb test 4', '20'], ['adelitas way scream', '0']]","[['rock', '100'], ['hard rock', '100'], ['alternative rock', '100'], ['Good Rock', '100'], ['Discoverockult', '50']]"
TRAAAAK128F9318786,song,Adelitas Way,TRCXFJG128F427EDC9,Crossfade,0.0869064,"[['alternative rock', '100'], ['rock', '60'], ['hard rock', '60'], ['heavy metal', '20'], ['00s', '20'], ['5', '20'], ['check this out', '20'], ['cryb test 4', '20'], ['adelitas way scream', '0']]","[['rock', '100'], ['alternative rock', '96'], ['crossfade', '70'], ['hard rock', '61'], ['post-grunge', '25'], ['alternative', '16'], ['thumper', '16'], ['love them', '16'], ['depressive', '12'], ['Nu Metal', '9'], ['The Deep End', '6'], ['heartrippedopen', '3'], ['jajo', '3'], ['jennz', '3'], ['from hell', '3'], ['Rajja Black', '3'], ['Cojonuda', '3'], ['Broken Angels', '3'], ['sound storm', '3'], ['TBMRadio', '3'], ['q3', '3'], ['kaytee music to hear', '3'], ['You make me cry when I want to', '3'], ['Biken', '3'], ['my fave ever ever', '3'], ['kappe metall', '3'], ['hayleydiamond', '3'], ['need growl', '3'], ['for: js-alternative', '3'], ['wmaltfaves', '3'], ['verging on insanity', '3'], ['kappe indi', '3'], ['wmlovedtracks', '3'], ['rated 5', '3'], ['kappe silence', '3'], ['yao gun yin yue', '3'], ['Hinder etc', '3'], ['LordLex92s', '3'], ['irada', '3'], ['Sound good', '3'], ['bali-rock', '3'], ['ROCK-us', '3'], ['the best', '3'], ['best song', '3'], ['00s', '3'], ['superb', '3'], ['Post Grunge', '3'], ['Wicked', '3'], ['driving fast', '3'], ['deep', '3'], ['NU', '3'], ['my music', '3'], ['favorite songs', '3'], ['rockin', '3'], ['Nu-metal', '3'], ['favourite', '3'], ['not bad', '3'], ['heavy', '3'], ['metal', '3'], ['LB', '3'], ['nicht schlecht', '3'], ['rolig', '3'], ['favourite track', '3'], ['I love this song', '3'], ['nickelback', '3'], ['SC', '3'], ['end', '3'], ['lazy', '3'], ['Great Shit', '3'], ['Workout', '3'], ['The', '3'], ['stuff I like', '0'], ['Crossfade - The Deep End', '0'], ['Like KORN', '0'], ['t d end', '0'], ['3-star', '0'], ['kiss', '0'], ['bike songs', '0'], ['Listen to this again', '0'], ['good', '0'], ['brain2brain', '0'], ['alternative metal', '0'], ['The deep end -crossfade', '0'], ['alright', '0'], ['crossfade Deep end', '0']]"
TRAAAAK128F9318786,song,Adelitas Way,TRGYGWR128F9338FCB,Hinder,0.0824838,"[['alternative rock', '100'], ['rock', '60'], ['hard rock', '60'], ['heavy metal', '20'], ['00s', '20'], ['5', '20'], ['check this out', '20'], ['cryb test 4', '20'], ['adelitas way scream', '0']]","[['rock', '100'], ['hard rock', '72'], ['alternative rock', '72'], ['hinder', '54'], ['post-grunge', '36'], ['alternative', '18'], ['sex', '18'], ['party', '9'], ['favorites', '9'], ['modern metal', '9'], ['favorite songs', '9'], ['00s', '9'], ['Great Lyricists', '9'], ['luv this song', '9']]"
TRAAAAK128F9318786,song,Adelitas Way,TRZYCVZ12903D02A51,Hinder,0.0815291,"[['alternative rock', '100'], ['rock', '60'], ['hard rock', '60'], ['heavy metal', '20'], ['00s', '20'], ['5', '20'], ['check this out', '20'], ['cryb test 4', '20'], ['adelitas way scream', '0']]","[['rock', '100'], ['alternative rock', '56'], ['hinder', '36'], ['hard rock', '35'], ['alternative', '28'], ['post-grunge', '13'], ['favorites', '10'], ['sex', '8'], ['Grunge', '8'], ['metal', '8'], ['american', '6'], ['stoner', '5'], ['stoned', '5'], ['modern rock', '5'], ['New rock', '5'], ['kaylies songs', '5'], ['Heshihobo', '5'], ['USA', '5'], ['fav', '3'], ['american alternative', '3'], ['angst', '3'], ['iLove it', '3'], ['I like', '3'], ['adrenaline', '3'], ['itunes free download', '3'], ['Post Grunge', '3'], ['angry', '3'], ['pop', '3'], ['drugs sex rock', '3'], ['mmm sexy', '3'], ['best hinder', '3'], ['pop rock', '3'], ['slow', '3'], ['alt rock', '1'], ['best band that only i like', '1'], ['All The Number Ones', '1'], ['Officially Shit', '1'], ['all things annoying in the world put together into one stupid bitch', '1'], ['teen rock', '1'], ['good track radio', '1'], ['Amazing Artists', '1'], ['newer stuff i like', '1'], [""can't sing"", '1'], ['when feeling angry', '1'], ['pot', '1'], ['Angryish', '1'], ['shalalala', '1'], ['get laid', '1'], ['sounds like a strangled cat', '1'], ['Hah me and mikis song lmao', '1'], ['Songs to describe your relationship', '1'], ['hollow inanimate', '1'], ['radioultra', '1'], ['getstoned', '1'], ['universal soundtrack', '1'], ['triathlon', '1'], ['Diesunddas:-9', '1'], ['Sex Drugs n Rock N Roll all in one', '1'], ['one star', '1'], ['crunk metal', '1'], ['nice', '1'], ['moody', '1'], ['Favourites', '1'], ['Favorite', '1'], ['rock out', '1'], ['hardcore', '1'], ['favorite songs', '1'], ['Love', '1'], ['Radio Rock', '1'], ['heartbreak', '1'], ['rock n roll', '1'], ['Southern Rock', '1'], ['hilarious', '1'], ['jones', '1'], ['00s', '1'], ['Faves', '1'], ['angsty', '1'], ['giggle-inducing', '1'], ['star', '1'], ['manu', '1'], ['bitch', '1'], ['single', '1'], ['love songs for bad people', '1'], ['great artists', '1'], ['awful', '1'], ['rocknroll', '1'], ['male vocalists', '1'], ['male vocalist', '1'], ['your ears will bleed', '1'], ['popular', '1'], ['just rock', '1'], ['Stoner Rock', '1'], ['cimx-fm', '0'], ['wrif-fm', '0'], ['seen live', '0'], ['newrocktrackradio:-9', '0'], ['awesome track', '0'], ['aggressive', '0'], ['reefermadness63', '0'], ['menacingk', '0']]"
TRAAAAK128F9318786,song,Adelitas Way,TRANFIJ128F9366F6F,12 Stones,0.0800814,"[['alternative rock', '100'], ['rock', '60'], ['hard rock', '60'], ['heavy metal', '20'], ['00s', '20'], ['5', '20'], ['check this out', '20'], ['cryb test 4', '20'], ['adelitas way scream', '0']]","[['hard rock', '100'], ['alternative rock', '78'], ['rock', '64'], ['post-grunge', '64'], ['alternative', '50'], ['christian rock', '7'], ['christian', '7'], ['hot', '7'], ['00s', '7'], ['adrenaline', '7'], ['crossover', '0'], ['Love', '0'], ['fun', '0'], ['Guitar Hero', '0'], ['4-STAR', '0'], ['12stones', '0']]"
TRAAAAK128F9318786,song,Adelitas Way,TRQMWBS128F9366F7C,12 Stones,0.0793406,"[['alternative rock', '100'], ['rock', '60'], ['hard rock', '60'], ['heavy metal', '20'], ['00s', '20'], ['5', '20'], ['check this out', '20'], ['cryb test 4', '20'], ['adelitas way scream', '0']]","[['rock', '100'], ['hard rock', '76'], ['alternative rock', '69'], ['alternative', '61'], ['Mellow', '30'], ['literatec favorites', '23'], ['badass', '23'], ['emo', '15'], ['truths', '15'], ['12 Stones', '15'], ['00s', '15'], ['my fav songs', '15'], ['christian', '15'], ['romantic', '15'], ['modern rock', '15'], ['christian rock', '15'], ['Favourites', '7'], ['sad', '7'], ['Love this song', '7'], ['all time favorites', '7'], ['really good', '7'], ['thinking', '7'], ['5', '7'], ['grungy', '7'], ['songs to sing along with', '7'], ['Awesome', '7'], ['world', '0'], ['post-grunge', '0']]"
TRAAAAK128F9318786,song,Adelitas Way,TRFXZTZ12903CCC991,Alter Bridge,0.0790557,"[['alternative rock', '100'], ['rock', '60'], ['hard rock', '60'], ['heavy metal', '20'], ['00s', '20'], ['5', '20'], ['check this out', '20'], ['cryb test 4', '20'], ['adelitas way scream', '0']]","[['hard rock', '100'], ['rock', '76'], ['alternative rock', '57'], ['metal', '52'], ['Alter Bridge', '36'], ['alternative', '28'], ['wwe', '28'], ['alternative metal', '22'], ['post-grunge', '19'], ['edge', '19'], ['heavy metal', '12'], ['wrestling', '9'], ['00s', '8'], ['Nu Metal', '8'], ['edge wwe', '7'], ['metalingus', '7'], ['powerful', '7'], ['Awesome', '7'], ['best', '7'], ['nice', '7'], ['Best fucking songs ever', '5'], ['amazing', '5'], ['Favourite Songs', '5'], ['Grunge', '5'], ['metalcore', '4'], ['favorites', '4'], ['intense', '4'], ['modern rock', '4'], ['Masterpiece', '2'], ['hard rock things', '2'], ['american', '2'], ['Post Grunge', '2'], ['love at first sound', '2'], ['hardrock', '2'], ['brilliant', '2'], ['My Favorites', '2'], ['Soundtrack', '2'], ['wonderful', '2'], ['perfect', '2'], ['WWE Themes', '2'], ['emo', '2'], ['good music', '2'], ['2004', '2'], ['indie', '2'], ['dark rock', '2'], ['best forever and ever to me untill i die', '2'], ['2000s', '2'], ['run', '2'], ['electric guitar', '1'], ['Metal will never die', '1'], ['great riff', '1'], ['male vocalist', '1'], ['video game', '1'], ['Breathtaking', '1'], ['Wrestling Songs', '1'], ['meins', '1'], ['5', '1'], ['power-rock', '1'], ['Postgrunge', '1'], ['awesomeness', '1'], ['Creed', '1'], ['LEETSKEET', '1'], ['01', '1'], ['loved', '1'], ['check out later', '1'], ['entrance', '1'], ['Passion', '1'], ['rock n roll', '1'], ['songs I can drum with', '1'], ['high energy', '1'], ['highway', '1'], ['fucking great', '1'], ['alternrock', '1'], ['male vocals', '1'], ['wrestling themes', '1'], ['love to sing', '1'], ['numetal', '1'], ['new', '1'], ['temazo', '1'], ['alternative hard rock', '1'], ['theme', '1'], ['magic', '1'], ['entrance music', '1'], ['best songs ever', '1'], ['Couple of songs or bands i like', '1'], ['Incredible', '1'], ['wrestling theme', '1'], ['Great Music', '1'], ['glam-rock', '1'], ['great driving music', '1'], ['2000s rock', '1'], ['watta solarpowered radio', '1'], ['predictable', '1'], ['obsess', '1'], ['wwe smackdown vs raw', '1'], ['epic', '1'], ['Gothic', '1'], ['hyper vent', '1'], ['bobble', '1'], ['deep thought rock', '1']]"
TRAAAAK128F9318786,song,Adelitas Way,TRITOSQ128F4255F47,10 Years,0.0681763,"[['alternative rock', '100'], ['rock', '60'], ['hard rock', '60'], ['heavy metal', '20'], ['00s', '20'], ['5', '20'], ['check this out', '20'], ['cryb test 4', '20'], ['adelitas way scream', '0']]","[['alternative rock', '100'], ['10 Years', '88'], ['rock', '76'], ['alternative metal', '44'], ['alternative', '38'], ['Love 10 Years and Beautiful', '38'], ['hard rock', '32'], ['aitch', '17'], ['aitchepic', '17'], ['epic', '17'], ['aitchawake', '14'], ['metal', '8'], ['MOONH8SUN', '8'], ['beautiful', '8'], ['10 Years - Beautiful', '5'], ['Awake', '5'], ['aitchsonic', '5'], ['simply beautiful', '5'], ['crunk metal', '5'], ['rock ballad', '5'], ['sonic rock', '5'], ['dark', '5'], ['better than tool', '5'], ['american', '5'], ['Awesome', '5'], ['excellent headbanger', '5'], ['10 years-beautiful', '5'], ['great text', '2'], ['raw shit', '2'], ['songs to sing along with', '2'], ['playitloud', '2'], ['beautifuk', '2'], ['Good tune', '2'], ['Because', '2'], ['division', '2'], ['american crap', '2'], ['SICmuSIC', '2'], ['USAHitz', '2'], ['TaggedByInertia', '2'], ['not tool and never will be', '2'], ['verwirrtesHanuta', '2'], ['beeutiful', '2'], ['thablackphoenix', '2'], ['just fucking lovely', '2'], ['mrvisser-rock', '2'], ['not adam title', '2'], ['10 years beautiful', '2'], ['Plan to buy', '2'], ['aitchknight', '2'], ['Alternative Folk', '2'], ['the best', '2'], ['Masterpiece', '2'], ['00s', '2'], ['Obsession', '2'], ['good shit', '2'], ['Nu Metal', '2'], ['michelle', '2'], ['lyrics', '2'], ['modern metal', '2'], ['rockin', '2'], ['modern rock', '2'], ['Favorite', '2'], ['good', '2'], ['Progressive metal', '2'], ['Love', '2'], ['heavy', '2'], ['Grunge', '2'], ['Da shit', '2'], ['Pieces', '2'], ['Personal Playlist', '2'], ['buy me', '2'], ['angst rock', '2'], ['One of a kind', '2'], ['bad ass', '2'], ['phenominal', '2'], ['my mix', '2'], ['ok', '2'], ['male vocalist', '2'], ['The Greatest EVER', '2'], ['Rainy Day', '2'], ['melodic rock', '2'], ['different', '2'], ['genial', '2'], ['10 yrs', '0'], ['new from last', '0'], ['alisa', '0'], ['wrif-fm', '0'], ['interessant', '0'], ['Discoverockult', '0']]"
TRAAAAK128F9318786,song,Adelitas Way,TRBGMZJ128F42BC17E,Daughtry,0.060202,"[['alternative rock', '100'], ['rock', '60'], ['hard rock', '60'], ['heavy metal', '20'], ['00s', '20'], ['5', '20'], ['check this out', '20'], ['cryb test 4', '20'], ['adelitas way scream', '0']]","[['rock', '100'], ['alternative rock', '60'], ['daughtry', '46'], ['alternative', '38'], ['American Idol', '15'], ['male vocalists', '10'], ['00s', '7'], ['Chris Daughtry', '6'], ['pop', '6'], ['hard rock', '6'], ['Love', '5'], ['pop rock', '5'], ['Its Not Over', '4'], ['favorites', '4'], ['top 40', '3'], ['post-grunge', '3'], ['Daughtry - Its not over', '2'], ['rock ballad', '2'], ['american', '2'], ['Awesome', '2'], ['addictive', '2'], ['british rock', '2'], ['Good Stuff', '2'], ['Ballad', '2'], ['classic rock', '2'], ['2007', '2'], ['USA', '1'], ['Hits 2007', '1'], ['rocks', '1'], ['favourite', '1'], ['WEXP', '1'], ['male', '1'], ['good bands', '1'], ['alt rock', '1'], ['loved', '1'], ['fav', '0'], ['catchy', '0'], ['fanmix - jibbs', '0'], ['Post Grunge', '0'], ['idol', '0'], ['best forever and ever to me untill i die', '0'], ['lehugeur', '0'], ['Adult Alternative', '0'], ['lammis', '0'], ['favs', '0'], ['alleys music', '0'], ['male vocals', '0'], ['2006', '0'], ['male vocalist', '0'], ['Rock i like', '0'], ['thumper', '0'], ['5', '0'], ['melancholie', '0'], ['hit single', '0'], ['good', '0'], ['cool', '0'], ['Favorite', '0'], ['angry', '0'], ['favorite songs', '0'], ['sad', '0'], ['i really should not like this so much', '0'], ['strogg', '0'], ['deep thoughts', '0'], ['THUMPER LIGHT', '0'], ['bekannt', '0'], ['kermiksen turha tagi', '0'], ['rock classique', '0'], ['indie', '0'], ['easy smile', '0'], ['Canadian', '0'], ['radioultra', '0'], ['universal soundtrack', '0'], ['triathlon', '0'], ['coleiscool', '0'], ['slow heavy', '0'], ['my loved ones :p', '0'], ['Vitamin M', '0'], ['LordLex92s', '0'], ['greatlyrics', '0'], ['oughts', '0'], ['fighting dogs', '0'], ['Daughtry- Its Not Over', '0'], ['piniwi', '0'], ['reconcile', '0'], ['just want to feel', '0'], ['My Radio Station', '0'], ['slow', '0'], ['Massari', '0'], ['todays hits', '0'], ['songs about him', '0'], ['christian rock', '0'], ['Bloody Good', '0'], ['soulfood', '0'], ['talent show', '0'], ['Tell it to my heart', '0'], ['502 pop slows', '0'], ['ami', '0'], ['Soundtrack', '0'], ['i feel like i sold out for listening to this', '0'], ['voices that i love', '0']]"
TRAAAAK128F9318786,song,Adelitas Way,TRANEIV128F92E3AA6,Daughtry,0.060202,"[['alternative rock', '100'], ['rock', '60'], ['hard rock', '60'], ['heavy metal', '20'], ['00s', '20'], ['5', '20'], ['check this out', '20'], ['cryb test 4', '20'], ['adelitas way scream', '0']]","[['rock', '100'], ['alternative rock', '60'], ['daughtry', '46'], ['alternative', '38'], ['American Idol', '15'], ['male vocalists', '10'], ['00s', '7'], ['Chris Daughtry', '6'], ['pop', '6'], ['hard rock', '6'], ['Love', '5'], ['pop rock', '5'], ['Its Not Over', '4'], ['favorites', '4'], ['top 40', '3'], ['post-grunge', '3'], ['Daughtry - Its not over', '2'], ['rock ballad', '2'], ['american', '2'], ['Awesome', '2'], ['addictive', '2'], ['british rock', '2'], ['Good Stuff', '2'], ['Ballad', '2'], ['classic rock', '2'], ['2007', '2'], ['USA', '1'], ['Hits 2007', '1'], ['rocks', '1'], ['favourite', '1'], ['WEXP', '1'], ['male', '1'], ['good bands', '1'], ['alt rock', '1'], ['loved', '1'], ['fav', '0'], ['catchy', '0'], ['fanmix - jibbs', '0'], ['Post Grunge', '0'], ['idol', '0'], ['best forever and ever to me untill i die', '0'], ['lehugeur', '0'], ['Adult Alternative', '0'], ['lammis', '0'], ['favs', '0'], ['alleys music', '0'], ['male vocals', '0'], ['2006', '0'], ['male vocalist', '0'], ['Rock i like', '0'], ['thumper', '0'], ['5', '0'], ['melancholie', '0'], ['hit single', '0'], ['good', '0'], ['cool', '0'], ['Favorite', '0'], ['angry', '0'], ['favorite songs', '0'], ['sad', '0'], ['i really should not like this so much', '0'], ['strogg', '0'], ['deep thoughts', '0'], ['THUMPER LIGHT', '0'], ['bekannt', '0'], ['kermiksen turha tagi', '0'], ['rock classique', '0'], ['indie', '0'], ['easy smile', '0'], ['Canadian', '0'], ['radioultra', '0'], ['universal soundtrack', '0'], ['triathlon', '0'], ['coleiscool', '0'], ['slow heavy', '0'], ['my loved ones :p', '0'], ['Vitamin M', '0'], ['LordLex92s', '0'], ['greatlyrics', '0'], ['oughts', '0'], ['fighting dogs', '0'], ['Daughtry- Its Not Over', '0'], ['piniwi', '0'], ['reconcile', '0'], ['just want to feel', '0'], ['My Radio Station', '0'], ['slow', '0'], ['Massari', '0'], ['todays hits', '0'], ['songs about him', '0'], ['christian rock', '0'], ['Bloody Good', '0'], ['soulfood', '0'], ['talent show', '0'], ['Tell it to my heart', '0'], ['502 pop slows', '0'], ['ami', '0'], ['Soundtrack', '0'], ['i feel like i sold out for listening to this', '0'], ['voices that i love', '0']]"
TRAAAAK128F9318786,song,Adelitas Way,TRHDYGW128F1464CF1,The Exies,0.0570517,"[['alternative rock', '100'], ['rock', '60'], ['hard rock', '60'], ['heavy metal', '20'], ['00s', '20'], ['5', '20'], ['check this out', '20'], ['cryb test 4', '20'], ['adelitas way scream', '0']]","[['rock', '100'], ['alternative', '70'], ['alternative rock', '67'], ['indie', '35'], ['ugly', '30'], ['post-grunge', '27'], ['Awesome', '17'], ['The Exies', '17'], ['hard rock', '17'], ['Grunge', '15'], ['punk', '15'], ['classic rock', '7'], ['loveeeeeeeee it', '7'], ['angry', '7'], ['KICK', '5'], ['Sweet Song', '5'], ['I like this', '5'], ['new and awesome', '5'], ['aitch', '5'], ['Workout', '5'], ['memories', '5'], ['male vocalists', '5'], ['Valsnt', '5'], ['gritty', '5'], ['angst', '5'], ['pop', '5'], ['emo', '5'], ['Soundtrack', '5'], ['beautiful', '5'], ['add', '5'], ['mariana', '2'], ['My Radio Station', '2'], ['tap your foot', '2'], ['MOONH8SUN', '2'], ['The Exies ugly', '2'], ['so great its hard to listen to', '2'], ['grab', '2'], ['lu', '2'], ['radyo odtu', '2'], ['sabroso', '2'], ['Hass Lieder', '2'], ['funnet', '2'], ['was written for me', '2'], ['TaggedByInertia', '2'], ['radioultra', '2'], ['My lovest songs', '2'], ['LordLex92s', '2'], ['aitchawake', '2'], ['CooleSongs', '2'], ['aitchepic', '2'], ['thablackphoenix', '2'], ['Discoverockult', '2'], ['crunk metal', '2'], ['bumpyfayce', '2'], ['Through my eyes', '2'], ['sexy', '2'], ['mmm', '2'], ['cool', '2'], ['indie rock', '2'], ['Game Music', '2'], ['american', '2'], ['epic', '2'], ['Favourites', '2'], ['wrestling', '2'], ['sobering', '2'], ['Soundtrack Of My Life', '2'], ['wwe', '2'], ['other', '2'], ['00s', '2'], ['High School', '2'], ['theme songs', '2'], ['ggrunge', '2'], ['ana', '2'], ['Goody', '2'], ['jordan', '2'], ['protesta', '2'], ['Rock Faves', '2'], ['br', '2'], ['fava', '2'], ['warped', '2'], ['Michael', '2'], ['dirty', '2'], ['songs that make me happy', '2'], ['seen live', '0'], ['heard on Pandora', '0'], ['look into', '0'], ['kappe silence', '0'], ['Exiles-Ugly', '0'], ['rated2', '0'], ['Exies', '0'], ['hard-baladas-hard', '0'], ['kappe mela', '0']]"
TRAAAAK128F9318786,song,Adelitas Way,TRCLYZD128F93239D6,Daughtry,0.0559012,"[['alternative rock', '100'], ['rock', '60'], ['hard rock', '60'], ['heavy metal', '20'], ['00s', '20'], ['5', '20'], ['check this out', '20'], ['cryb test 4', '20'], ['adelitas way scream', '0']]","[['rock', '100'], ['alternative rock', '50'], ['hard rock', '42'], ['post-grunge', '35'], ['modern rock', '21'], ['daughtry', '14'], ['male vocalists', '14'], ['visione fantasmagorica', '7'], ['double speed', '7'], ['sounds of freedom', '7'], ['corrupt', '7'], ['Driving Songs', '7'], ['great song', '7'], ['Post Grunge', '7'], ['ost', '7'], ['Favorite', '7'], ['pop rock', '7'], ['Awesome', '7'], ['favourite', '7'], ['catchy riffs', '0'], ['alternative', '0'], ['indie', '0'], ['female vocalists', '0'], ['britpop', '0'], ['alternative mello rock', '0']]"
TRBGMZJ128F42BC17E,song,Daughtry,Daughtry,,1.0,"[['rock', '100'], ['alternative rock', '60'], ['daughtry', '46'], ['alternative', '38'], ['American Idol', '15'], ['male vocalists', '10'], ['00s', '7'], ['Chris Daughtry', '6'], ['pop', '6'], ['hard rock', '6'], ['Love', '5'], ['pop rock', '5'], ['Its Not Over', '4'], ['favorites', '4'], ['top 40', '3'], ['post-grunge', '3'], ['Daughtry - Its not over', '2'], ['rock ballad', '2'], ['american', '2'], ['Awesome', '2'], ['addictive', '2'], ['british rock', '2'], ['Good Stuff', '2'], ['Ballad', '2'], ['classic rock', '2'], ['2007', '2'], ['USA', '1'], ['Hits 2007', '1'], ['rocks', '1'], ['favourite', '1'], ['WEXP', '1'], ['male', '1'], ['good bands', '1'], ['alt rock', '1'], ['loved', '1'], ['fav', '0'], ['catchy', '0'], ['fanmix - jibbs', '0'], ['Post Grunge', '0'], ['idol', '0'], ['best forever and ever to me untill i die', '0'], ['lehugeur', '0'], ['Adult Alternative', '0'], ['lammis', '0'], ['favs', '0'], ['alleys music', '0'], ['male vocals', '0'], ['2006', '0'], ['male vocalist', '0'], ['Rock i like', '0'], ['thumper', '0'], ['5', '0'], ['melancholie', '0'], ['hit single', '0'], ['good', '0'], ['cool', '0'], ['Favorite', '0'], ['angry', '0'], ['favorite songs', '0'], ['sad', '0'], ['i really should not like this so much', '0'], ['strogg', '0'], ['deep thoughts', '0'], ['THUMPER LIGHT', '0'], ['bekannt', '0'], ['kermiksen turha tagi', '0'], ['rock classique', '0'], ['indie', '0'], ['easy smile', '0'], ['Canadian', '0'], ['radioultra', '0'], ['universal soundtrack', '0'], ['triathlon', '0'], ['coleiscool', '0'], ['slow heavy', '0'], ['my loved ones :p', '0'], ['Vitamin M', '0'], ['LordLex92s', '0'], ['greatlyrics', '0'], ['oughts', '0'], ['fighting dogs', '0'], ['Daughtry- Its Not Over', '0'], ['piniwi', '0'], ['reconcile', '0'], ['just want to feel', '0'], ['My Radio Station', '0'], ['slow', '0'], ['Massari', '0'], ['todays hits', '0'], ['songs about him', '0'], ['christian rock', '0'], ['Bloody Good', '0'], ['soulfood', '0'], ['talent show', '0'], ['Tell it to my heart', '0'], ['502 pop slows', '0'], ['ami', '0'], ['Soundtrack', '0'], ['i feel like i sold out for listening to this', '0'], ['voices that i love', '0']]",
Daughtry,artist,,TRBGMZJ128F42BC17E,Daughtry,1.0,,"[['rock', '100'], ['alternative rock', '60'], ['daughtry', '46'], ['alternative', '38'], ['American Idol', '15'], ['male vocalists', '10'], ['00s', '7'], ['Chris Daughtry', '6'], ['pop', '6'], ['hard rock', '6'], ['Love', '5'], ['pop rock', '5'], ['Its Not Over', '4'], ['favorites', '4'], ['top 40', '3'], ['post-grunge', '3'], ['Daughtry - Its not over', '2'], ['rock ballad', '2'], ['american', '2'], ['Awesome', '2'], ['addictive', '2'], ['british rock', '2'], ['Good Stuff', '2'], ['Ballad', '2'], ['classic rock', '2'], ['2007', '2'], ['USA', '1'], ['Hits 2007', '1'], ['rocks', '1'], ['favourite', '1'], ['WEXP', '1'], ['male', '1'], ['good bands', '1'], ['alt rock', '1'], ['loved', '1'], ['fav', '0'], ['catchy', '0'], ['fanmix - jibbs', '0'], ['Post Grunge', '0'], ['idol', '0'], ['best forever and ever to me untill i die', '0'], ['lehugeur', '0'], ['Adult Alternative', '0'], ['lammis', '0'], ['favs', '0'], ['alleys music', '0'], ['male vocals', '0'], ['2006', '0'], ['male vocalist', '0'], ['Rock i like', '0'], ['thumper', '0'], ['5', '0'], ['melancholie', '0'], ['hit single', '0'], ['good', '0'], ['cool', '0'], ['Favorite', '0'], ['angry', '0'], ['favorite songs', '0'], ['sad', '0'], ['i really should not like this so much', '0'], ['strogg', '0'], ['deep thoughts', '0'], ['THUMPER LIGHT', '0'], ['bekannt', '0'], ['kermiksen turha tagi', '0'], ['rock classique', '0'], ['indie', '0'], ['easy smile', '0'], ['Canadian', '0'], ['radioultra', '0'], ['universal soundtrack', '0'], ['triathlon', '0'], ['coleiscool', '0'], ['slow heavy', '0'], ['my loved ones :p', '0'], ['Vitamin M', '0'], ['LordLex92s', '0'], ['greatlyrics', '0'], ['oughts', '0'], ['fighting dogs', '0'], ['Daughtry- Its Not Over', '0'], ['piniwi', '0'], ['reconcile', '0'], ['just want to feel', '0'], ['My Radio Station', '0'], ['slow', '0'], ['Massari', '0'], ['todays hits', '0'], ['songs about him', '0'], ['christian rock', '0'], ['Bloody Good', '0'], ['soulfood', '0'], ['talent show', '0'], ['Tell it to my heart', '0'], ['502 pop slows', '0'], ['ami', '0'], ['Soundtrack', '0'], ['i feel like i sold out for listening to this', '0'], ['voices that i love', '0']]"
TRANEIV128F92E3AA6,song,Daughtry,Daughtry,,1.0,"[['rock', '100'], ['alternative rock', '60'], ['daughtry', '46'], ['alternative', '38'], ['American Idol', '15'], ['male vocalists', '10'], ['00s', '7'], ['Chris Daughtry', '6'], ['pop', '6'], ['hard rock', '6'], ['Love', '5'], ['pop rock', '5'], ['Its Not Over', '4'], ['favorites', '4'], ['top 40', '3'], ['post-grunge', '3'], ['Daughtry - Its not over', '2'], ['rock ballad', '2'], ['american', '2'], ['Awesome', '2'], ['addictive', '2'], ['british rock', '2'], ['Good Stuff', '2'], ['Ballad', '2'], ['classic rock', '2'], ['2007', '2'], ['USA', '1'], ['Hits 2007', '1'], ['rocks', '1'], ['favourite', '1'], ['WEXP', '1'], ['male', '1'], ['good bands', '1'], ['alt rock', '1'], ['loved', '1'], ['fav', '0'], ['catchy', '0'], ['fanmix - jibbs', '0'], ['Post Grunge', '0'], ['idol', '0'], ['best forever and ever to me untill i die', '0'], ['lehugeur', '0'], ['Adult Alternative', '0'], ['lammis', '0'], ['favs', '0'], ['alleys music', '0'], ['male vocals', '0'], ['2006', '0'], ['male vocalist', '0'], ['Rock i like', '0'], ['thumper', '0'], ['5', '0'], ['melancholie', '0'], ['hit single', '0'], ['good', '0'], ['cool', '0'], ['Favorite', '0'], ['angry', '0'], ['favorite songs', '0'], ['sad', '0'], ['i really should not like this so much', '0'], ['strogg', '0'], ['deep thoughts', '0'], ['THUMPER LIGHT', '0'], ['bekannt', '0'], ['kermiksen turha tagi', '0'], ['rock classique', '0'], ['indie', '0'], ['easy smile', '0'], ['Canadian', '0'], ['radioultra', '0'], ['universal soundtrack', '0'], ['triathlon', '0'], ['coleiscool', '0'], ['slow heavy', '0'], ['my loved ones :p', '0'], ['Vitamin M', '0'], ['LordLex92s', '0'], ['greatlyrics', '0'], ['oughts', '0'], ['fighting dogs', '0'], ['Daughtry- Its Not Over', '0'], ['piniwi', '0'], ['reconcile', '0'], ['just want to feel', '0'], ['My Radio Station', '0'], ['slow', '0'], ['Massari', '0'], ['todays hits', '0'], ['songs about him', '0'], ['christian rock', '0'], ['Bloody Good', '0'], ['soulfood', '0'], ['talent show', '0'], ['Tell it to my heart', '0'], ['502 pop slows', '0'], ['ami', '0'], ['Soundtrack', '0'], ['i feel like i sold out for listening to this', '0'], ['voices that i love', '0']]",
Daughtry,artist,,TRANEIV128F92E3AA6,Daughtry,1.0,,"[['rock', '100'], ['alternative rock', '60'], ['daughtry', '46'], ['alternative', '38'], ['American Idol', '15'], ['male vocalists', '10'], ['00s', '7'], ['Chris Daughtry', '6'], ['pop', '6'], ['hard rock', '6'], ['Love', '5'], ['pop rock', '5'], ['Its Not Over', '4'], ['favorites', '4'], ['top 40', '3'], ['post-grunge', '3'], ['Daughtry - Its not over', '2'], ['rock ballad', '2'], ['american', '2'], ['Awesome', '2'], ['addictive', '2'], ['british rock', '2'], ['Good Stuff', '2'], ['Ballad', '2'], ['classic rock', '2'], ['2007', '2'], ['USA', '1'], ['Hits 2007', '1'], ['rocks', '1'], ['favourite', '1'], ['WEXP', '1'], ['male', '1'], ['good bands', '1'], ['alt rock', '1'], ['loved', '1'], ['fav', '0'], ['catchy', '0'], ['fanmix - jibbs', '0'], ['Post Grunge', '0'], ['idol', '0'], ['best forever and ever to me untill i die', '0'], ['lehugeur', '0'], ['Adult Alternative', '0'], ['lammis', '0'], ['favs', '0'], ['alleys music', '0'], ['male vocals', '0'], ['2006', '0'], ['male vocalist', '0'], ['Rock i like', '0'], ['thumper', '0'], ['5', '0'], ['melancholie', '0'], ['hit single', '0'], ['good', '0'], ['cool', '0'], ['Favorite', '0'], ['angry', '0'], ['favorite songs', '0'], ['sad', '0'], ['i really should not like this so much', '0'], ['strogg', '0'], ['deep thoughts', '0'], ['THUMPER LIGHT', '0'], ['bekannt', '0'], ['kermiksen turha tagi', '0'], ['rock classique', '0'], ['indie', '0'], ['easy smile', '0'], ['Canadian', '0'], ['radioultra', '0'], ['universal soundtrack', '0'], ['triathlon', '0'], ['coleiscool', '0'], ['slow heavy', '0'], ['my loved ones :p', '0'], ['Vitamin M', '0'], ['LordLex92s', '0'], ['greatlyrics', '0'], ['oughts', '0'], ['fighting dogs', '0'], ['Daughtry- Its Not Over', '0'], ['piniwi', '0'], ['reconcile', '0'], ['just want to feel', '0'], ['My Radio Station', '0'], ['slow', '0'], ['Massari', '0'], ['todays hits', '0'], ['songs about him', '0'], ['christian rock', '0'], ['Bloody Good', '0'], ['soulfood', '0'], ['talent show', '0'], ['Tell it to my heart', '0'], ['502 pop slows', '0'], ['ami', '0'], ['Soundtrack', '0'], ['i feel like i sold out for listening to this', '0'], ['voices that i love', '0']]"
TRCLYZD128F93239D6,song,Daughtry,Daughtry,,1.0,"[['rock', '100'], ['alternative rock', '50'], ['hard rock', '42'], ['post-grunge', '35'], ['modern rock', '21'], ['daughtry', '14'], ['male vocalists', '14'], ['visione fantasmagorica', '7'], ['double speed', '7'], ['sounds of freedom', '7'], ['corrupt', '7'], ['Driving Songs', '7'], ['great song', '7'], ['Post Grunge', '7'], ['ost', '7'], ['Favorite', '7'], ['pop rock', '7'], ['Awesome', '7'], ['favourite', '7'], ['catchy riffs', '0'], ['alternative', '0'], ['indie', '0'], ['female vocalists', '0'], ['britpop', '0'], ['alternative mello rock', '0']]",
Daughtry,artist,,TRCLYZD128F93239D6,Daughtry,1.0,,"[['rock', '100'], ['alternative rock', '50'], ['hard rock', '42'], ['post-grunge', '35'], ['modern rock', '21'], ['daughtry', '14'], ['male vocalists', '14'], ['visione fantasmagorica', '7'], ['double speed', '7'], ['sounds of freedom', '7'], ['corrupt', '7'], ['Driving Songs', '7'], ['great song', '7'], ['Post Grunge', '7'], ['ost', '7'], ['Favorite', '7'], ['pop rock', '7'], ['Awesome', '7'], ['favourite', '7'], ['catchy riffs', '0'], ['alternative', '0'], ['indie', '0'], ['female vocalists', '0'], ['britpop', '0'], ['alternative mello rock', '0']]"
TRAAAAK128F9318786,song,Adelitas Way,TRRSBGP128F42627DB,Course of Nature,0.0551592,"[['alternative rock', '100'], ['rock', '60'], ['hard rock', '60'], ['heavy metal', '20'], ['00s', '20'], ['5', '20'], ['check this out', '20'], ['cryb test 4', '20'], ['adelitas way scream', '0']]","[['alternative rock', '100'], ['course of nature', '50'], ['Live again', '50'], ['Course of Nature-Live Again', '50'], ['LordLex92s', '25'], ['Maybe', '0']]"
TRAAAAK128F9318786,song,Adelitas Way,TRCRDXW128F42A22DA,Framing Hanley,0.0529891,"[['alternative rock', '100'], ['rock', '60'], ['hard rock', '60'], ['heavy metal', '20'], ['00s', '20'], ['5', '20'], ['check this out', '20'], ['cryb test 4', '20'], ['adelitas way scream', '0']]","[['rock', '100'], ['alternative rock', '75'], ['hard rock', '50'], ['Nu Metal', '50'], ['alternative', '25'], ['framing hanley', '25']]"
TRAAAAK128F9318786,song,Adelitas Way,TRINASS12903CE3F80,Saliva,0.0489144,"[['alternative rock', '100'], ['rock', '60'], ['hard rock', '60'], ['heavy metal', '20'], ['00s', '20'], ['5', '20'], ['check this out', '20'], ['cryb test 4', '20'], ['adelitas way scream', '0']]","[['hard rock', '100'], ['rock', '25'], ['wrestling', '25'], ['wwe', '25'], ['XYZ', '25'], ['4-STAR', '25'], ['wwe ppv theme', '25'], ['extreme rules', '25'], ['wwe extreme rules', '25'], ['wwe extreme rules theme', '25'], ['extreme rules theme', '25']]"
TRAAAAK128F9318786,song,Adelitas Way,TRCYKWB12903CD838E,32 Leaves,0.047817,"[['alternative rock', '100'], ['rock', '60'], ['hard rock', '60'], ['heavy metal', '20'], ['00s', '20'], ['5', '20'], ['check this out', '20'], ['cryb test 4', '20'], ['adelitas way scream', '0']]","[['32 Leaves', '100'], ['rock', '90'], ['alternative', '90'], ['alternative rock', '90'], ['Post Grunge', '40'], ['loved', '30'], ['hard rock', '30'], ['all is numb', '30'], ['kappe', '20'], ['kappe indi', '20'], ['Nu Metal', '20'], ['Love', '20'], ['chapot', '20'], ['get it later', '10'], ['6 mellow', '10'], ['barbaras fav', '10'], ['Discoverockult', '10'], ['LordLex92s', '10'], ['punk love', '10'], ['from AZ', '10'], ['wannabe tool-apc-deftones', '10'], ['checkitout', '10'], ['medium', '10'], ['Workout', '10'], ['relax', '10'], ['post-grunge', '10'], ['soft rock', '10'], ['metal', '10'], ['3', '0'], ['raggae', '0'], ['Great Unknown Bands', '0'], ['GRUNGE OF ME', '0'], ['cool of me', '0']]"
TRAAAAK128F9318786,song,Adelitas Way,TRRHAGL128F92F6FF5,Edgewater,0.0466968,"[['alternative rock', '100'], ['rock', '60'], ['hard rock', '60'], ['heavy metal', '20'], ['00s', '20'], ['5', '20'], ['check this out', '20'], ['cryb test 4', '20'], ['adelitas way scream', '0']]","[['rock', '100'], ['Edgewater', '75'], ['hard rock', '66'], ['alternative rock', '58'], ['alternative', '33'], ['american', '25'], ['nice sound', '16'], ['eyes wired shut', '16'], ['The Punisher', '16'], ['rock ballad', '16'], ['good song', '16'], ['Workout', '16'], ['male vocals', '16'], ['egdewater', '16'], ['favorite songs', '16'], ['favorites', '16'], ['Awesome', '16'], ['Soundtrack', '16'], ['post-grunge', '16'], ['cool', '16'], ['favourite', '16'], ['metal', '16'], ['tgsyg', '8'], ['edge', '8'], ['desert island discs', '8'], ['00s', '8'], ['alternative metal', '8'], ['trii', '0']]"
TRAAAAK128F9318786,song,Adelitas Way,TRBTIOU128F427C54A,Fuel,0.0459994,"[['alternative rock', '100'], ['rock', '60'], ['hard rock', '60'], ['heavy metal', '20'], ['00s', '20'], ['5', '20'], ['check this out', '20'], ['cryb test 4', '20'], ['adelitas way scream', '0']]","[['rock', '100'], ['alternative rock', '84'], ['alternative', '64'], ['90s', '39'], ['post-grunge', '37'], ['fuel', '33'], ['hard rock', '17'], ['Grunge', '15'], ['00s', '10'], ['favorites', '8'], ['favorite songs', '7'], ['sad', '5'], ['emotional', '5'], ['male vocalists', '4'], ['Hemorrhage', '4'], ['Favorite', '4'], ['2000', '3'], ['Post Grunge', '3'], ['twilight', '3'], ['male vocalist', '3'], ['loved', '3'], ['great', '3'], ['metal', '3'], ['best of artist', '2'], ['rich man', '2'], ['buzz ballads', '2'], ['top 40', '2'], ['neverbackdown', '2'], ['Fuel-Hemorrhage', '2'], ['NEVER BELIEVE IN ANYONE BUT YOURSELF', '2'], ['angry', '2'], ['american', '2'], ['Awesome', '2'], ['Love', '2'], ['alt rock', '2'], ['alternative metal', '2'], ['favourite', '2'], ['modern rock', '2'], ['feelgood', '1'], ['ro-may07', '1'], ['Stephenie Meyer Twilight Series Playlist', '1'], ['kick ass', '1'], ['Fuel - Hemorrhage', '1'], ['ro-loud', '1'], ['woah dude', '1'], ['ro-june07', '1'], ['midnight sun', '1'], ['High School', '1'], ['work', '1'], ['depressing', '1'], ['workingout', '1'], ['hot', '1'], ['songs you should know', '0'], ['grew up on', '0'], ['Zara', '0'], ['songs to listen to on repeat', '0'], ['faves playlist', '0'], ['Wearing out my iPod', '0'], ['radyo odtu', '0'], ['monika2107', '0'], ['dasr selected radio', '0'], ['flavio', '0'], ['A must to listen', '0'], ['deep thoughts', '0'], ['ro-2007', '0'], ['top 500 Essential songs', '0'], ['CADFINEM', '0'], ['summer 2006', '0'], ['mustHave', '0'], ['Fekkin nice', '0'], ['grossos', '0'], ['meGuto', '0'], ['vlad', '0'], ['fatalist', '0'], ['ro-rock', '0'], ['grovey', '0'], ['head wave', '0'], ['top rated stooma', '0'], ['My 90s', '0'], ['Frat', '0'], ['songs i never get sick of', '0'], ['energy drink', '0'], ['kwl', '0'], ['sound storm', '0'], ['punkd', '0'], ['Good St', '0'], ['Ro-music', '0'], ['songs I absolutely love', '0'], ['tportal', '0'], ['test listening - something', '0'], ['olde fave', '0'], ['enjoyed', '0'], ['sgn playlist', '0'], ['like nickelback', '0'], ['for crying', '0'], ['Fuel -In my hands', '0'], ['lando alt 1', '0'], ['thablackphoenix', '0'], ['Grunge Plus', '0'], ['riesenhits', '0']]"
TRAAAAK128F9318786,song,Adelitas Way,TRIDBPY12903CD837D,32 Leaves,0.0452288,"[['alternative rock', '100'], ['rock', '60'], ['hard rock', '60'], ['heavy metal', '20'], ['00s', '20'], ['5', '20'], ['check this out', '20'], ['cryb test 4', '20'], ['adelitas way scream', '0']]","[['alternative rock', '100'], ['rock', '83'], ['hard rock', '50'], ['alternative', '50'], ['alternative metal', '33'], ['favorite songs', '16'], ['<3', '16'], ['songs', '16'], ['32 Leaves', '16'], ['Blood on my hands', '16'], ['LordLex92s', '16'], ['favorites', '0'], ['32 Leaves - Blood on My Hands', '0']]"
TRAAAAK128F9318786,song,Adelitas Way,TRFDDSA128F92EF152,Fuel,0.0450372,"[['alternative rock', '100'], ['rock', '60'], ['hard rock', '60'], ['heavy metal', '20'], ['00s', '20'], ['5', '20'], ['check this out', '20'], ['cryb test 4', '20'], ['adelitas way scream', '0']]","[['alternative rock', '100'], ['rock', '88'], ['hard rock', '58'], ['fuel', '41'], ['alternative', '35'], ['post-grunge', '17'], ['jesus or a gun', '11'], ['rolig', '11'], ['favorites', '11'], ['aggressive', '11'], ['tinkaponka', '5'], ['jjl-rock', '5'], ['allenamento', '5'], ['Fuel - or a gun', '5'], ['funnet', '5'], ['kappe metall', '5'], ['music for Burnout Paradise', '5'], ['131', '5'], ['Fuel - Jesus or a gun', '5'], ['future spn mix', '5'], ['tportal', '5'], ['sound storm', '5'], ['checkthis', '5'], ['songs I absolutely love', '5'], ['surge', '5'], ['modern hard rock', '5'], ['sunburn', '5'], ['like it', '5'], ['download', '5'], ['Post Grunge', '5'], ['90s', '5'], ['favorite songs', '5'], ['crossover', '5'], ['Grunge', '5'], ['classic rock', '5'], ['heard on Pandora', '0'], ['joeykinkead', '0']]"
TRAAAAK128F9318786,song,Adelitas Way,TRRCXYO12903D09598,Tantric,0.0442586,"[['alternative rock', '100'], ['rock', '60'], ['hard rock', '60'], ['heavy metal', '20'], ['00s', '20'], ['5', '20'], ['check this out', '20'], ['cryb test 4', '20'], ['adelitas way scream', '0']]","[['rock', '100'], ['hard rock', '67'], ['tantric', '46'], ['violin', '46'], ['Awesome', '35'], ['Like', '14'], ['Rock i like', '10'], ['My Personal favorites', '7'], ['Listen to more of', '7'], ['Down and Out', '7'], ['favs', '7'], ['Tracks2Get', '7'], ['post-grunge', '7'], ['alternative metal', '7'], ['need2dwnld', '7'], ['quartercentury', '3'], ['the end begins', '3'], ['unstreamable yet streamable', '3'], ['over you', '3'], ['weird in a good way', '3'], ['The ball of string', '3'], ['Lori', '3'], ['deep and meaningful', '3'], ['donwload these', '3'], ['all mee', '3'], ['up', '3'], ['woot', '3'], ['Maybe', '3'], ['metal', '3'], ['00s', '3'], ['Post Grunge', '3'], ['Grunge', '3'], ['Love', '3'], ['amazing', '3'], ['Favorite', '3'], ['pop rock', '3'], ['wrif-fm', '0'], ['alternative rock', '0'], ['strings', '0'], ['Symphonic Rock', '0'], ['Workout', '0'], ['violin rock', '0']]"
TRAAAAK128F9318786,song,Adelitas Way,TRNHFTV128E0792841,TRUSTcompany,0.0377453,"[['alternative rock', '100'], ['rock', '60'], ['hard rock', '60'], ['heavy metal', '20'], ['00s', '20'], ['5', '20'], ['check this out', '20'], ['cryb test 4', '20'], ['adelitas way scream', '0']]","[['rock', '100'], ['alternative', '78'], ['alternative rock', '50'], ['hard rock', '42'], ['Favorite', '28'], ['Hover', '14'], ['alternative metal', '14'], ['Nu Metal', '14'], ['punk love', '7'], ['lost and found', '7'], ['mariana', '7'], ['ls', '7'], ['muito bom', '7'], ['rolig', '7'], ['00s', '7'], ['Favorite Artists', '7'], ['favorites', '7'], ['Soundtrack', '7'], ['Torquemada', '7'], ['alt rock', '7'], ['spaces between', '7'], ['TRUSTcompany', '0'], ['q2', '0'], ['Sounds like deftones', '0'], ['flimsy voice', '0'], ['misshes station', '0'], ['so good', '0'], ['Love it', '0'], ['angst', '0'], ['punk', '0'], ['metal', '0'], ['heard on Pandora', '0']]"
TRAAAAK128F9318786,song,Adelitas Way,TRGTKNG128F92EDA7C,Decyfer Down,0.0376074,"[['alternative rock', '100'], ['rock', '60'], ['hard rock', '60'], ['heavy metal', '20'], ['00s', '20'], ['5', '20'], ['check this out', '20'], ['cryb test 4', '20'], ['adelitas way scream', '0']]","[['alternative rock', '100'], ['christian hard rock', '66'], ['3-star', '66'], ['three days grace', '33'], ['Decyfer Down', '33']]"
TRAAAAK128F9318786,song,Adelitas Way,TRVZREG128F42364FC,Thornley,0.0348167,"[['alternative rock', '100'], ['rock', '60'], ['hard rock', '60'], ['heavy metal', '20'], ['00s', '20'], ['5', '20'], ['check this out', '20'], ['cryb test 4', '20'], ['adelitas way scream', '0']]","[['rock', '100'], ['alternative rock', '70'], ['Thornley', '30'], ['alternative', '30'], ['come again', '30'], ['3-star', '20'], ['Suppose you can listen', '20'], ['Good Stuff', '20'], ['amazing vocals', '10'], ['revisit', '10'], ['groovin', '10'], ['hard alternative rock', '10'], ['check these guys out', '10'], ['holy fuck', '10'], ['altergrock', '10'], ['frocks', '10'], ['first time I heard this I completely dug it', '10'], ['final3', '10'], ['cd2', '10'], ['sing it brother', '10'], ['Duce Tunes', '10'], ['geekermon', '10'], ['voice is clear and full of style', '10'], ['Mellow', '10'], ['Grunge', '10'], ['alt rock', '10'], ['hard rock', '10'], ['post-grunge', '10'], ['favorites', '10'], ['beautiful', '10'], ['Favourites', '10'], ['modern rock', '10'], ['yes', '10'], ['Post Grunge', '10'], ['orange', '10'], ['Love it', '10'], ['Alternative Funk Rock', '10'], ['Good Rock', '10'], ['heard on Pandora', '1'], ['franz ferdinand', '0'], ['q3', '0'], ['incubus', '0'], ['thornley - great', '0'], ['Metal and Rock', '0'], ['kid rock', '0']]"
TRAAAAK128F9318786,song,Adelitas Way,TRYEASL128F42364FB,Thornley,0.0329912,"[['alternative rock', '100'], ['rock', '60'], ['hard rock', '60'], ['heavy metal', '20'], ['00s', '20'], ['5', '20'], ['check this out', '20'], ['cryb test 4', '20'], ['adelitas way scream', '0']]","[['rock', '100'], ['alternative rock', '84'], ['Thornley', '53'], ['hard rock', '46'], ['metal', '38'], ['songs that got me into the band', '23'], ['end gut', '15'], ['weird in a good way', '15'], ['bang your head', '15'], ['Duce Tunes', '7'], ['ROCK-ADD ENERGY', '7'], ['LordLex92s', '7'], ['must dl', '7'], ['5', '7'], ['Alternative Funk Rock', '7'], ['00s', '7'], ['yeah', '7'], ['favorites', '7'], ['heard on Pandora', '0'], ['Awesome', '0'], ['ls', '0'], ['3-star', '0'], ['good', '0']]"
TRAAAAK128F9318786,song,Adelitas Way,TRWXKHJ128F424B2E9,Fozzy,0.0309148,"[['alternative rock', '100'], ['rock', '60'], ['hard rock', '60'], ['heavy metal', '20'], ['00s', '20'], ['5', '20'], ['check this out', '20'], ['cryb test 4', '20'], ['adelitas way scream', '0']]","[['heavy metal', '100'], ['rock', '90'], ['metal', '72'], ['hard rock', '63'], ['wrestling', '36'], ['wwe', '36'], ['Fozzy', '27'], ['Chris Jericho', '18'], ['love at first sound', '18'], ['Jericho', '18'], ['Y2J', '18'], ['Saveus222', '18'], ['kickass', '18'], ['favorites', '18'], ['Soundtrack', '18'], ['2005', '18'], ['Liederabt', '9'], ['daoc', '9'], ['Tangleica', '9'], ['roxas fozzy', '9'], ['Metal I Like', '9'], ['luv it', '9'], ['US MEtal', '9'], ['male vocals', '9'], ['Nu Metal', '9'], ['fav', '9'], ['My Favorites', '9'], ['Fight Music', '0'], ['1337 tagset', '0'], ['drinking music', '0'], ['alternative metal', '0']]"
TRAAAAK128F9318786,song,Adelitas Way,TRQZLMS128F1459AE9,Pillar,0.0286231,"[['alternative rock', '100'], ['rock', '60'], ['hard rock', '60'], ['heavy metal', '20'], ['00s', '20'], ['5', '20'], ['check this out', '20'], ['cryb test 4', '20'], ['adelitas way scream', '0']]","[['rock', '100'], ['hard rock', '66'], ['christian rock', '66'], ['alternative', '33'], ['alternative rock', '33'], ['punk rock', '33'], ['epic', '33'], ['hardrock', '33'], ['perfect', '33'], ['Godlike', '33'], ['genial', '33'], ['fuck yeah rock', '33']]"
TRAAAAK128F9318786,song,Adelitas Way,TRKQOUV128F933BD5B,7 Days Away,0.0238704,"[['alternative rock', '100'], ['rock', '60'], ['hard rock', '60'], ['heavy metal', '20'], ['00s', '20'], ['5', '20'], ['check this out', '20'], ['cryb test 4', '20'], ['adelitas way scream', '0']]","[['hard rock', '100'], ['alternative rock', '100'], ['Soundtrack', '50'], ['Gothic Metal', '50'], ['Soundtracks', '50'], ['punisher', '50'], ['marvel', '50']]"
TRAAAAK128F9318786,song,Adelitas Way,TRPCUYC128F930E7F4,Fireflight,0.0235813,"[['alternative rock', '100'], ['rock', '60'], ['hard rock', '60'], ['heavy metal', '20'], ['00s', '20'], ['5', '20'], ['check this out', '20'], ['cryb test 4', '20'], ['adelitas way scream', '0']]","[['rock', '100'], ['alternative', '50'], ['alternative rock', '50'], ['modern rock', '33'], ['hard rock', '16'], ['alternative metal', '16'], ['indie rock', '16'], ['christian rock', '16'], ['modern-rock', '16']]"
TRAAAAK128F9318786,song,Adelitas Way,TRLQYPJ128F930E7EE,Fireflight,0.0221824,"[['alternative rock', '100'], ['rock', '60'], ['hard rock', '60'], ['heavy metal', '20'], ['00s', '20'], ['5', '20'], ['check this out', '20'], ['cryb test 4', '20'], ['adelitas way scream', '0']]","[['rock', '100'], ['alternative rock', '80'], ['christian rock', '60'], ['alternative', '40'], ['post-grunge', '20'], ['modern rock', '20'], ['christian', '20'], ['female rock', '20'], ['Girl Rock', '20'], ['great song', '20'], ['love track', '20'], ['christian hard core', '20'], ['Star of the show', '20'], ['Fireflight', '20'], ['3-star', '0']]"
TRAAAAK128F9318786,song,Adelitas Way,TRGNPIB12903C95DE5,Echoes The Fall,0.0193592,"[['alternative rock', '100'], ['rock', '60'], ['hard rock', '60'], ['heavy metal', '20'], ['00s', '20'], ['5', '20'], ['check this out', '20'], ['cryb test 4', '20'], ['adelitas way scream', '0']]","[['Echoes The Fall', '100']]"
TRAAAAK128F9318786,song,Adelitas Way,TRMYCYQ12903CC6D8D,Blowsight,0.0187468,"[['alternative rock', '100'], ['rock', '60'], ['hard rock', '60'], ['heavy metal', '20'], ['00s', '20'], ['5', '20'], ['check this out', '20'], ['cryb test 4', '20'], ['adelitas way scream', '0']]","[['alternative rock', '100'], ['rock', '50'], ['alternative metal', '50'], ['Nu Metal', '50'], ['Pop-Metal', '50']]"
TRAAAAK128F9318786,song,Adelitas Way,TRQJWHG128F145E76F,Ugly Kid Joe,0.00124657,"[['alternative rock', '100'], ['rock', '60'], ['hard rock', '60'], ['heavy metal', '20'], ['00s', '20'], ['5', '20'], ['check this out', '20'], ['cryb test 4', '20'], ['adelitas way scream', '0']]","[['rock', '100'], ['hard rock', '100'], ['heavy metal', '80'], ['alternative rock', '40'], ['metal', '20'], ['Cock rock', '20'], ['Yay', '20'], ['my stuff', '20'], ['hair metal', '20'], ['insane', '20'], ['hard stuff', '20'], ['ugly kid joe', '20'], ['damn fine metal', '20'], ['Bushoi-TipTop', '20']]"
TRAAAAK128F9318786,song,Adelitas Way,TRADCAP128F424BB80,The Wildhearts,0.00117142,"[['alternative rock', '100'], ['rock', '60'], ['hard rock', '60'], ['heavy metal', '20'], ['00s', '20'], ['5', '20'], ['check this out', '20'], ['cryb test 4', '20'], ['adelitas way scream', '0']]","[['hard rock', '100'], ['heavy metal', '50'], ['00s', '50'], ['rock', '25'], ['alternative rock', '25'], ['punk rock', '25'], ['british', '25']]"
TRAAAAK128F9318786,song,Adelitas Way,TRGNZFV128F4226919,Fixer,0.00109133,"[['alternative rock', '100'], ['rock', '60'], ['hard rock', '60'], ['heavy metal', '20'], ['00s', '20'], ['5', '20'], ['check this out', '20'], ['cryb test 4', '20'], ['adelitas way scream', '0']]",[]
TRAAAAK128F9318786,song,Adelitas Way,TRBPWPI128F4226915,Fixer,0.00109133,"[['alternative rock', '100'], ['rock', '60'], ['hard rock', '60'], ['heavy metal', '20'], ['00s', '20'], ['5', '20'], ['check this out', '20'], ['cryb test 4', '20'], ['adelitas way scream', '0']]",[]
TRAAAAK128F9318786,song,Adelitas Way,TRRULQC12903CFCDF9,Lovehammers,0.00107406,"[['alternative rock', '100'], ['rock', '60'], ['hard rock', '60'], ['heavy metal', '20'], ['00s', '20'], ['5', '20'], ['check this out', '20'], ['cryb test 4', '20'], ['adelitas way scream', '0']]","[['rock', '100'], ['hard rock', '100'], ['alternative', '100'], ['alternative rock', '100'], ['Marty Casey', '100'], ['Lovehammers', '100'], ['marty casey and lovehammers', '100']]"
TRAAAAK128F9318786,song,Adelitas Way,TRAOCLB128F92C2696,Velvet Revolver,0.00103914,"[['alternative rock', '100'], ['rock', '60'], ['hard rock', '60'], ['heavy metal', '20'], ['00s', '20'], ['5', '20'], ['check this out', '20'], ['cryb test 4', '20'], ['adelitas way scream', '0']]","[['hard rock', '100'], ['rock', '74'], ['alternative rock', '30'], ['Velvet Revolver', '15'], ['Grunge', '11'], ['classic rock', '6'], ['rock n roll', '6'], ['alternative', '6'], ['american', '6'], ['arena rock', '4'], ['guitar', '4'], ['rock n roll is back', '4'], ['heavy metal', '4'], ['sleaze rock', '4'], ['00s', '3'], ['favorites', '3'], ['fucking rock and roll as it was years ago', '3'], ['punk', '3'], ['Supergroup', '3'], ['stone temple pilots', '3'], ['intro', '1'], ['super group', '1'], ['Duff McKagan', '1'], ['candycore', '1'], ['sleazy rock', '1'], ['pure sex', '1'], ['ostre granie', '1'], ['album i own', '1'], ['guerilla', '1'], ['Slash', '1'], ['2007', '1'], ['sound storm', '1'], ['alternative top', '1'], ['malloy2000 playlist - top songs - classical to metal', '1'], ['rock in my veins', '1'], ['velocitywebdev hard rock', '1'], ['Jinxed', '1'], ['reaktor :P', '1'], ['true honest workers', '1'], ['rock zwawo', '1'], ['the hard stuff', '1'], ['rolling sound', '1'], ['thablackphoenix', '1'], ['my own new', '1'], ['Velvet Revolver - Libertad', '1'], ['Es rappelt im Karton', '1'], ['easy listening', '1'], ['metal', '1'], ['heavy', '1'], ['post-grunge', '1'], ['party', '1'], ['Awesome', '1'], ['Cock rock', '1'], ['fast', '1'], ['angry', '1'], ['rocks', '1'], ['Hard', '1'], ['guitar virtuoso', '1'], ['headbanging', '1'], ['catchy', '1'], ['Pop Metal', '1'], ['rocknroll', '1'], ['male vocalist', '1'], ['Top 5', '1'], ['car driving', '1'], ['hard and heavy', '1'], ['Guns N Roses', '1'], ['sleaze', '1'], ['summertime', '1'], ['candy', '1'], ['heavy rock', '1'], ['sleazy', '1'], ['seen live', '0'], ['punk rock', '0'], ['ls', '0'], ['House', '0'], ['puro rock', '0']]"
TRAAAAK128F9318786,song,Adelitas Way,TRISFXB128F932D354,Joey Tempest,0.00102667,"[['alternative rock', '100'], ['rock', '60'], ['hard rock', '60'], ['heavy metal', '20'], ['00s', '20'], ['5', '20'], ['check this out', '20'], ['cryb test 4', '20'], ['adelitas way scream', '0']]",[]
TRAAAAV128F421A322,song,Western Addiction,TRMBKKK12903CE870D,New Mexican Disaster Squad,0.233363,[],"[['Rebecca playlist', '100']]"
TRAAAAV128F421A322,song,Western Addiction,TRGTRAO12903CE8706,New Mexican Disaster Squad,0.22285,[],[]
TRAAAAV128F421A322,song,Western Addiction,TRFQFRZ128F9345BFC,None More Black,0.105179,[],"[['punk', '100'], ['melodic hardcore', '50']]"
TRAAAAV128F421A322,song,Western Addiction,TRHVIZO128F9345BFA,None More Black,0.097122,[],"[['punk', '100'], ['punk rock', '50'], ['melodic hardcore', '50'], ['investigate', '25'], ['p', '25'], ['I like this', '25'], ['Jason Shevchuk', '25']]"
TRAAAAV128F421A322,song,Western Addiction,TRAXVGT128F9344507,The Sainte Catherines,0.0801149,[],"[['heard on Pandora', '100']]"
TRAAAAV128F421A322,song,Western Addiction,TRFGUZG128F42622B9,F-Minus,0.0564573,[],[]
TRAAAAV128F421A322,song,Western Addiction,TRXCQJO12903CA71B7,Kill Your Idols,0.0515532,[],"[['punk', '100'], ['hardcore', '100'], ['Kill Your Idols', '100'], ['i hate myself', '100'], ['get thisssss', '100']]"
TRAAAAV128F421A322,song,Western Addiction,TRWKDYF12903D0D37F,Psyched to Die,0.0509097,[],[]
TRAAAAV128F421A322,song,Western Addiction,TRXCXKC12903CA71BA,Kill Your Idols,0.0505989,[],[]
TRAAAAV128F421A322,song,Western Addiction,TRCOQHP128F426228D,The Nerve Agents,0.0494405,[],[]
TRAAAAV128F421A322,song,Western Addiction,TRAGDPH128F9344020,Dead To Me,0.0491498,[],"[['punk rock', '100'], ['punk', '33'], ['hardcore', '33'], ['California', '16'], ['investigate', '16'], ['131', '16'], ['featured on complete control radio', '16'], ['T1stL', '16'], ['pop punk', '0'], ['Dead to me', '0']]"
TRAAAAV128F421A322,song,Western Addiction,TRCVZXK128F4262288,The Nerve Agents,0.0485428,[],[]
TRAAAAV128F421A322,song,Western Addiction,TRWWTMY128F42A8E44,Kid Dynamite,0.0483347,[],"[['punk', '100'], ['melodic hardcore', '100'], ['hardcore', '77'], ['punk rock', '44'], ['Kid Dynamite', '44'], ['Electro-Rock-Pop', '11'], ['tegan and sara', '11'], ['Built to Spill', '11'], ['Eisley', '11'], ['melodic punk rock', '11'], ['bane', '11'], ['wiggidywopwoo', '11'], ['Dan Yemin', '11'], ['Where cannibals may eat us', '11'], ['check more out', '11'], ['Jason Shevchuk', '11'], ['breaking a memory - kid dynamite', '11'], ['elliott smith', '11'], ['Philadelphia', '11'], ['hardcore punk', '11'], ['death cab for cutie', '11'], ['The Flaming Lips', '11'], ['female vocalists', '11'], ['radiohead', '11'], ['metalcore', '11'], ['indie rock', '11'], ['alternative', '11'], ['indie', '11'], ['rock', '11'], ['punk hardcore', '0']]"
TRAAAAV128F421A322,song,Western Addiction,TRAIVZW128F4262333,Dag Nasty,0.0480457,[],"[['Songs that cheer me up no matter what', '100']]"
TRAAAAV128F421A322,song,Western Addiction,TRDCZUF128F4289E2F,Dag Nasty,0.0480457,[],"[['Songs that cheer me up no matter what', '100']]"
TRAAAAV128F421A322,song,Western Addiction,TRZKSIW128F4262339,Dag Nasty,0.0468725,[],"[['LARRYLIFELESS', '100'], ['Remember When I Set You On Fire', '100'], ['gas station speed', '50'], ['Dangist fool of Planet Jesus', '50'], ['Triple Jesus', '50'], ['heard on Pandora', '1']]"
TRAIVZW128F4262333,song,Dag Nasty,Dag Nasty,,1.0,"[['Songs that cheer me up no matter what', '100']]",
Dag Nasty,artist,,TRAIVZW128F4262333,Dag Nasty,1.0,,"[['Songs that cheer me up no matter what', '100']]"
TRDCZUF128F4289E2F,song,Dag Nasty,Dag Nasty,,1.0,"[['Songs that cheer me up no matter what', '100']]",
Dag Nasty,artist,,TRDCZUF128F4289E2F,Dag Nasty,1.0,,"[['Songs that cheer me up no matter what', '100']]"
TRZKSIW128F4262339,song,Dag Nasty,Dag Nasty,,1.0,"[['LARRYLIFELESS', '100'], ['Remember When I Set You On Fire', '100'], ['gas station speed', '50'], ['Dangist fool of Planet Jesus', '50'], ['Triple Jesus', '50'], ['heard on Pandora', '1']]",
Dag Nasty,artist,,TRZKSIW128F4262339,Dag Nasty,1.0,,"[['LARRYLIFELESS', '100'], ['Remember When I Set You On Fire', '100'], ['gas station speed', '50'], ['Dangist fool of Planet Jesus', '50'], ['Triple Jesus', '50'], ['heard on Pandora', '1']]"
TRAAAAV128F421A322,song,Western Addiction,TRAMCWR128F4233F7F,Smoke or Fire,0.0463096,[],"[['punk rock', '100'], ['post-hardcore', '100'], ['melodic hardcore', '100'], ['good shit', '100']]"
TRAAAAV128F421A322,song,Western Addiction,TRHCITE12903CE4236,Kid Dynamite,0.0454292,[],[]
TRAAAAV128F421A322,song,Western Addiction,TRZYOQP12903CFEA7F,No Trigger,0.0452285,[],"[['hardcore punk', '100'], ['melodic hardcore', '80'], ['punk', '40'], ['hardcore', '40'], ['skate punk', '40'], ['melodic hc', '40'], ['pop punk', '20'], ['garten punk', '20']]"
TRAAAAV128F421A322,song,Western Addiction,TRFPIBN128F429AF09,Bigwig,0.0440456,[],"[['Rad', '100'], ['punk rock', '50']]"
TRAAAAV128F421A322,song,Western Addiction,TRRBTWF128F9348BA1,88 Fingers Louie,0.0438497,[],"[['hardcore punk', '100']]"
TRAAAAV128F421A322,song,Western Addiction,TRZFDRJ128F429F4CC,88 Fingers Louie,0.0438497,[],"[['hardcore punk', '100']]"
TRAAAAV128F421A322,song,Western Addiction,TRFJSGF128F421A2E0,Swingin' Utters,0.0388567,[],"[['punk', '100'], ['rock', '25'], ['hardcore', '25'], ['punk rock', '25'], ['hardcore punk', '25'], ['Punk-Rock', '25'], ['skate punk', '25'], ['Punk Favorites', '25'], ['hardcore-punk', '25'], ['skatepunk', '25'], ['Skate-punk', '25'], ['causation', '25'], ['80s-hardcore', '25']]"
TRAAAAV128F421A322,song,Western Addiction,TRIPQBR12903CA71F1,The Suicide Machines,0.0372511,[],"[['punk', '100'], ['punk rock', '62'], ['hardcore', '37'], ['ska punk', '37'], ['hardcore punk', '37'], ['skacore', '37'], ['alternative', '25'], ['skapunk', '25'], ['my punk', '25'], ['wow', '12'], ['the adicts', '12'], ['The Suicide Machines', '12'], ['Pure punk', '12'], ['color', '12'], ['homomilitia', '12'], ['NoddY RioT', '12'], ['Pippi', '12'], ['fabfuckintastic', '12'], ['royal punx', '12'], ['noddyAndAlexx', '12'], ['streetpunk', '12'], ['De Hardheid', '12'], ['anarchy', '12'], ['Punk as Fuck', '12'], ['Oi', '12'], ['political punk', '12'], ['Trash', '12'], ['good', '12'], ['fun', '12'], ['political', '12'], ['heavy', '12'], ['seen live', '0']]"
TRAAAAV128F421A322,song,Western Addiction,TRHRNWB128F42625C8,Pulley,0.0363325,[],"[['punk', '100'], ['hardcore', '100'], ['west coast', '66'], ['punk rock', '66'], ['melodic punk', '66'], ['Melody Punk', '66'], ['american', '33'], ['90s', '33'], ['check this out', '33']]"
TRAAAAV128F421A322,song,Western Addiction,TRIKHRR128F4234D59,The Lawrence Arms,0.0325422,[],[]
TRAAAAV128F421A322,song,Western Addiction,TRLMRNT128F92F8BEB,Leatherface,0.0311442,[],[]
TRAAAAV128F421A322,song,Western Addiction,TRCKPEN128F92F8BE0,Leatherface,0.0306911,[],[]
TRAAAAV128F421A322,song,Western Addiction,TRAIPBS12903CE8633,Lifetime,0.0305708,[],"[['emo ferret lol', '100']]"
TRAAAAV128F421A322,song,Western Addiction,TRMRTBU128F4278600,Rehasher,0.029075,[],"[['rock', '100'], ['punk', '100']]"
TRAAAAV128F421A322,song,Western Addiction,TRFXCDL128F42893B4,Latterman,0.0262346,[],[]
TRAAAAV128F421A322,song,Western Addiction,TRHEUML128F428A629,Guttermouth,0.0260086,[],"[['punk', '100'], ['punk rock', '80'], ['american', '20'], ['Punk Revival', '20'], ['male vocals', '20'], ['High School', '20'], ['Outrageous', '20'], ['Raucous', '20'], ['okay', '20'], ['bands that are too great for my friends to understand', '20'], ['yolala indie fav', '0'], ['yolala geschramme', '0']]"
TRAAAAV128F421A322,song,Western Addiction,TRBPNWX128F421A3F1,Love Equals Death,0.0253232,[],"[['punk rock', '100'], ['heard on Pandora', '2']]"
TRAAAAV128F421A322,song,Western Addiction,TRQRZCO12903CEACB3,The Flatliners,0.0243479,[],"[['punk', '100']]"
TRAAAAV128F421A322,song,Western Addiction,TRRSWTM128F42893BE,Latterman,0.024274,[],"[['good fucking punk', '100']]"
TRAAAAV128F421A322,song,Western Addiction,TRNHSTZ12903CB075F,Banner Pilot,0.0242186,[],"[['punk', '100']]"
TRAAAAV128F421A322,song,Western Addiction,TRWIXTC128F9344E80,The Soviettes,0.0238844,[],"[['punk', '100'], ['punk rock', '100'], ['Favourites', '33'], ['Punk Revival', '33'], ['Summer Mix', '33'], ['soviettes', '33'], ['heard on Pandora', '1']]"
TRAAAAV128F421A322,song,Western Addiction,TRGVTBP128F421A3AE,Screeching Weasel,0.0212337,[],"[['punk', '100'], ['punk rock', '33'], ['pop punk', '16'], ['Punk-Rock', '16'], ['Punk Favorites', '16'], ['punk rawk', '16'], ['Ben Weasel', '16'], ['punk fuckin rock', '16']]"
TRAAAAV128F421A322,song,Western Addiction,TRAZOJW128F42A3644,Against All Authority,0.0209673,[],"[['punk', '100'], ['ska', '100'], ['ska-punk', '100'], ['hardcore punk', '100'], ['goodness in a box', '100'], ['most loved', '100'], ['looove it', '100']]"
TRAAAAV128F421A322,song,Western Addiction,TRDJKXC128F4276173,The Gamits,0.0204237,[],"[['punk rock', '100']]"
TRAAAAV128F421A322,song,Western Addiction,TRIUUAE128F4235BB4,The Loved Ones,0.0155808,[],"[['punk rock', '100'], ['punk', '44'], ['pop punk', '44'], ['katie loves this', '22'], ['boneslobber', '11'], ['discovered gems', '11'], ['Sounds Like Trent', '11'], ['The Loved Ones', '11'], ['the boss', '11'], ['feel-good', '11'], ['good shit', '11'], ['melodic hardcore', '11'], ['amazing', '11'], ['favorites', '11'], ['Awesome', '11'], ['alternative', '11'], ['hardcore punk', '0'], ['philly punk', '0'], ['emo', '0']]"
TRAAAAV128F421A322,song,Western Addiction,TRZGAVP128F92F155C,The Copyrights,0.00140208,[],"[['punk', '100'], ['pop punk', '100']]"
TRAAAAV128F421A322,song,Western Addiction,TRYAPCY128F4248286,One Man Army,0.00130052,[],"[['victoria', '100'], ['Love', '66'], ['finnish', '33'], ['Favourite Songs', '33'], ['Punk Favorites', '33'], ['names', '33']]"
TRAAAAV128F421A322,song,Western Addiction,TRKWHUH12903CC4BCB,The Sidekicks,0.00129155,[],"[['punk rock', '100']]"
TRAAAAV128F421A322,song,Western Addiction,TRBXMPT12903CBA259,The Lillingtons,0.00121868,[],"[['punk rock', '100'], ['punk', '50'], ['pop punk', '50'], ['comics', '50'], ['wyoming', '50'], ['buryblue', '50'], ['katie loves this', '50']]"
TRAAAAV128F421A322,song,Western Addiction,TRGEZLR128F42790B2,59 Times the Pain,0.0010036,[],[]
TRAAAAV128F421A322,song,Western Addiction,TRAECVW128E078884D,Rise Against,0.000983516,[],"[['hardcore', '100'], ['punk', '88'], ['punk rock', '79'], ['hardcore punk', '51'], ['melodic hardcore', '40'], ['rock', '33'], ['political', '20'], ['Rise Against', '18'], ['screamo', '14'], ['alternative', '12'], ['post-hardcore', '9'], ['hard rock', '9'], ['angry', '7'], ['Love it', '5'], ['best tracks', '5'], ['FUCKING AWESOME', '5'], ['Punk-Rock', '5'], ['songs to listen while drinking beer to make life too awesome', '5'], ['hardcore punkrock', '5'], ['metal', '5'], ['alternative rock', '5'], ['punk hardcore', '3'], ['american', '3'], ['live seen', '3'], ['Punk Revival', '3'], ['all time faves', '3'], ['great songs', '3'], ['Sounds good', '3'], ['Kicks ass', '3'], ['3 stars', '3'], ['chillout', '3'], ['punkrock', '3'], ['great song', '3'], ['Grunge', '3'], ['corruption', '1'], ['punk and stuff', '1'], ['rock your ass off', '1'], ['Rock out with my cock out', '1'], ['Hardcore Punk Melo', '1'], ['rockt', '1'], ['musics', '1'], ['love the vocals', '1'], ['anomaly', '1'], ['carro', '1'], ['keke1', '1'], ['seen in 2007', '1'], ['downhill', '1'], ['sus', '1'], ['seen 3x', '1'], ['The tracks I love', '1'], ['false lyrics', '1'], ['Patins', '1'], ['best-fast', '1'], ['list-datomm', '1'], ['datomm-metallic', '1'], ['sachen die ich gerne hoeren mag', '1'], ['Stoner Rock', '1'], ['surf rock', '1'], ['night', '1'], ['dance', '1'], ['loud', '1'], ['fast', '1'], ['pop punk', '1'], ['sick', '1'], ['Kick ass songs', '1'], ['good shit', '1'], ['political punk', '1'], ['male vocals', '1'], ['america', '1'], ['hardcore-punk', '1'], ['truth', '1'], ['Patriotic', '1'], ['gute laune', '1'], ['Mad Caddies', '1'], ['lieblingslieder', '1'], ['Festa', '1'], ['state', '1'], ['rise', '1'], ['crazy LIVE', '1'], ['seen live', '0'], ['heard on Pandora', '0'], ['rancid', '0'], ['russian', '0'], ['emo', '0']]"
TRAAAAV128F421A322,song,Western Addiction,TRBEFCZ128F42206D1,Tim Barry,0.000971395,[],[]
TRAAAAV128F421A322,song,Western Addiction,TRCGSCN128F423423D,Strike Anywhere,0.000970317,[],"[['punk rock', '100'], ['hardcore punk', '84'], ['punk', '76'], ['melodic hardcore', '69'], ['political punk', '38'], ['hardcore', '30'], ['rock', '23'], ['melodic punk', '15'], ['male vocalists', '15'], ['hero of war', '7'], ['punk rock listings', '7'], ['NOTscreamo', '7'], ['hardcore melodic punk core political', '7'], ['garten punk', '7'], ['heard on lastfm', '7'], ['Personal Favorite', '7'], ['lieblingslieder', '7'], ['punk hardcore', '7'], ['emo', '7'], ['political', '7'], ['good shit', '7'], ['FUCKING AWESOME', '7'], ['melodic', '7'], ['screamo', '0'], ['alternative', '0'], ['Rise Against', '0'], ['strike anywhere', '0'], ['b', '0'], ['verkar bra', '0'], ['good', '0']]"
TRAAAAV128F421A322,song,Western Addiction,TRTQPET128F9340F9E,Ricochet,0.000968917,[],"[['my country era', '100']]"
TRAAAAV128F421A322,song,Western Addiction,TRKMJWJ128F4265B16,Ricochet,0.000968917,[],"[['my country era', '100']]"
TRAAAAV128F421A322,song,Western Addiction,TRGYYZK128F92D65BE,De La Hoya,0.000943339,[],[]
TRAAAAV128F421A322,song,Western Addiction,TRAZANA128F933D17A,Gang Green,0.00094007,[],"[['hardcore punk', '100'], ['punk', '80'], ['hardcore', '80'], ['boston', '60'], ['1980s American hardcore', '40'], ['MELROSE HOLLYWOOD', '20'], ['Vinyl Fetish Hollywood', '20'], ['VinylFetishFavs', '20'], ['1980s-american-hardcore', '20'], ['boston-crew', '20'], ['1980s-american-punk', '20'], ['1980s american punk', '20'], ['1980s-hardcore', '20'], ['1980s-punk', '20'], ['boston-hardcore', '20'], ['radio bav', '20'], ['Tang', '20'], ['Boston Crew', '20'], ['gang green', '20'], ['1980s hardcore', '20'], ['1980s punk', '20'], ['boston hardcore', '20'], ['Old school Hardcore', '20'], ['hardcore-punk', '20'], ['1980s', '20'], ['Punk-Rock', '20'], ['punk rock', '20'], ['80s', '20'], ['Awn', '0']]"
TRAAAAV128F421A322,song,Western Addiction,TRIUMVA128F92EC3CA,Fallen From the Sky,0.000939144,[],[]
TRAAAAV128F421A322,song,Western Addiction,TRWSROY128F4241B87,The Casualties,0.000926154,[],"[['Oi', '100'], ['hardcore-punk', '100'], ['gutter punk', '100'], ['full track', '100'], ['punk', '0'], ['hardcore punk', '0'], ['punk rock', '0'], ['street punk', '0'], ['hardcore', '0'], ['anarcho-punk', '0'], ['political punk', '0'], ['true punk', '0'], ['OI Punk', '0'], ['Canciones Q M Gustan', '0'], ['Keep The Punk Rock', '0']]"
TRAAAAV128F421A322,song,Western Addiction,TRWJMCN12903CF299F,7Seconds,0.000905482,[],"[['punk', '100'], ['hardcore', '50'], ['old school', '50'], ['hardcore punk', '50'], ['Old School Punk', '50'], ['80s hardcore', '50'], ['old skool punk', '50']]"
TRAAAAV128F421A322,song,Western Addiction,TRMODWK12903CDA66D,Pipedown,0.00089994,[],[]
TRAAAAV128F421A322,song,Western Addiction,TRHOENB128F428DF61,Death by Stereo,0.000890051,[],"[['hardcore', '100'], ['hardcore punk', '100']]"